Timestamp,Client,FileName,FileSizeMB,Compression,RTTms,WindowSize,ThroughputMBps,TimeSec,Retries
2025-06-06T16:48:54+05:30,FTP_Client,sathwik.mkv,2802.85,FALSE,50,1,665.75,4.21,0
2025-06-06T16:53:16+05:30,FTP_Client,sathwik.mkv,2802.85,FALSE,50,1,674.76,4.15,0
2025-06-06T16:53:28+05:30,FTP_Client,sathwik.mkv,2802.85,FALSE,50,1,682.57,4.11,0
2025-06-06T17:05:52+05:30,FTP_Client,sathwik.mkv,2802.85,FALSE,50,1,191.21,14.66,0
2025-06-06T17:06:38+05:30,FTP_Client,sathwik.mkv,2802.85,FALSE,50,1,191.07,14.67,0
2025-06-06T17:07:06+05:30,FTP_Client,sathwik.mkv,2802.85,FALSE,50,1,398.66,7.03,0
2025-06-06T17:08:30+05:30,FTP_Client,sathwik.mkv,2802.85,FALSE,50,1,54.73,51.22,0
2025-06-06T17:11:55+05:30,FTP_Client,sathwik.mkv,2802.85,FALSE,50,1,256.77,10.92,0
2025-06-06T17:15:25+05:30,FTP_Client,sathwik.mkv,2802.85,FALSE,50,1,380.95,7.36,0
2025-06-06T17:22:53+05:30,FTP_Client,sathwik.mkv,2802.85,FALSE,50,1,417.69,6.71,0
2025-06-07T19:30:40+05:30,FTP_Client,sathwik.mkv,2802.85,FALSE,50,1,90.13,31.1,0
2025-06-07T19:55:16+05:30,FTP_Client,dummy.mp4,2.93,FALSE,50,1,28.46,0.1,0
2025-06-07T19:55:52+05:30,FTP_Client,video.mkv,23.41,FALSE,50,1,90.22,0.26,0
2025-06-07T20:00:19+05:30,FTP_Client,video9.mkv,950.56,FALSE,50,1,105.6,9,0
2025-06-07T20:01:15+05:30,FTP_Client,video15.mkv,1543.63,FALSE,50,1,105.92,14.57,0
2025-06-07T20:01:42+05:30,FTP_Client,video15.mkv,1543.63,FALSE,50,1,400.96,3.85,0
2025-06-07T20:02:10+05:30,FTP_Client,dummy.mp4,2.93,FALSE,50,1,42.06,0.07,0
2025-06-07T20:12:40+05:30,FTP_Client,dummy.mp4,2.93,FALSE,50,1,368.95,0.01,0
2025-06-07T20:12:57+05:30,FTP_Client,video9.mkv,950.56,FALSE,50,1,422.9,2.25,0
2025-06-07T20:14:04+05:30,FTP_Client,video15.mkv,1543.63,FALSE,50,1,30.79,50.14,0
2025-06-07T20:33:39+05:30,FTP_Client,dummy.mp4,2.93,FALSE,50,1,238.8,0.01,0
2025-06-07T20:34:07+05:30,FTP_Client,video.mkv,23.41,FALSE,50,1,401.95,0.06,0
2025-06-07T20:34:22+05:30,FTP_Client,video9.mkv,950.56,FALSE,50,1,357.31,2.66,0
2025-06-07T20:34:39+05:30,FTP_Client,video15.mkv,1543.63,FALSE,50,1,382.25,4.04,0
2025-06-07T20:35:36+05:30,FTP_Client,sathwik.mkv,2802.85,FALSE,50,1,66.72,42.01,0
2025-06-07T20:35:53+05:30,FTP_Client,sathwik.mkv,2802.85,FALSE,50,1,372.23,7.53,0
2025-06-07T20:37:48+05:30,FTP_Client,sathwik.mkv,2802.85,FALSE,50,1,340.28,8.24,0
2025-06-27T18:45:59+05:30,FTP_Client,video9.mkv,252.01,FALSE,50,1,366.43,0.69,0
2025-06-27T18:46:04+05:30,FTP_Client,video9.mkv,252.01,FALSE,50,1,343.67,0.73,0
2025-06-27T18:46:22+05:30,FTP_Client,video9.mkv,252.01,FALSE,50,1,166.52,1.51,0
2025-06-27T18:46:35+05:30,FTP_Client,video9.mkv,252.01,FALSE,50,1,179.64,1.4,0
2025-06-27T18:51:03+05:30,FTP_Client,video9.mkv,1008.03,FALSE,50,1,414.41,2.43,0
2025-06-27T18:51:12+05:30,FTP_Client,video9.mkv,1008.03,FALSE,50,1,415.09,2.43,0
2025-06-27T20:02:52+05:30,FTP_Client,video9.mkv,1008.03,FALSE,50,1,200.17,5.04,0
2025-06-27T20:03:12+05:30,FTP_Client,video9.mkv,1008.03,FALSE,50,1,322.55,3.13,0
2025-06-27T20:03:20+05:30,FTP_Client,video9.mkv,1008.03,FALSE,50,1,327.34,3.08,0
2025-06-27T20:03:34+05:30,FTP_Client,video9.mkv,1008.03,FALSE,50,1,149.37,6.75,0
2025-06-27T20:03:42+05:30,FTP_Client,video9.mkv,1008.03,FALSE,50,1,187.09,5.39,0
2025-06-27T20:03:53+05:30,FTP_Client,video9.mkv,1008.03,FALSE,50,1,177,5.7,0
2025-06-27T20:07:35+05:30,FTP_Client,video9.mkv,1008.03,FALSE,50,1,416.41,2.42,0
2025-06-27T20:13:42+05:30,FTP_Client,video9.mkv,1008.03,FALSE,50,1,467.76,2.16,0
2025-06-27T20:15:34+05:30,FTP_Client,video9.mkv,1008.03,FALSE,50,1,399.41,2.52,0
2025-06-27T20:21:41+05:30,FTP_Client,video9.mkv,1008.03,FALSE,50,1,479.56,2.1,0
2025-06-27T20:21:47+05:30,FTP_Client,video9.mkv,1008.03,FALSE,50,1,418.56,2.41,0
2025-06-27T23:17:27+05:30,FTP_Client,video9.mkv,1008.03,FALSE,50,1,238.6,4.22,0
2025-06-27T23:17:35+05:30,FTP_Client,video9.mkv,1008.03,FALSE,50,1,325.91,3.09,0
2025-06-27T23:17:54+05:30,FTP_Client,video9.mkv,1008.03,FALSE,50,1,137.12,7.35,0
2025-06-27T23:27:39+05:30,FTP_Client,video9.mkv,1008.03,FALSE,50,1,422.76,2.38,0
2025-06-27T23:27:50+05:30,FTP_Client,video9.mkv,1008.03,FALSE,50,1,414.06,2.43,0
2025-06-27T23:28:01+05:30,FTP_Client,video15.mkv,1543.63,FALSE,50,1,413.85,3.73,0
2025-06-28T19:06:30+05:30,FTP_Client,video9.mkv,1008.03,FALSE,50,1,119.94,8.4,0
2025-06-28T19:06:38+05:30,FTP_Client,video9.mkv,1008.03,FALSE,50,1,181.46,5.55,0
2025-06-28T19:06:46+05:30,FTP_Client,video9.mkv,1008.03,FALSE,50,1,238.1,4.23,0
2025-06-28T19:06:56+05:30,FTP_Client,video9.mkv,1008.03,FALSE,50,1,176.51,5.71,0
2025-06-28T19:07:09+05:30,FTP_Client,video9.mkv,1008.03,FALSE,50,1,350.79,2.87,0
2025-06-28T19:08:22+05:30,FTP_Client,video9.mkv,1008.03,FALSE,50,1,509.45,1.98,0
2025-06-28T19:08:33+05:30,FTP_Client,video9.mkv,1008.03,FALSE,50,1,459.93,2.19,0
2025-06-28T19:31:30+05:30,FTP_Client,video9.mkv,1008.03,FALSE,50,1,357.35,2.82,0
2025-06-28T19:31:36+05:30,FTP_Client,video9.mkv,1008.03,FALSE,50,1,384.59,2.62,0
2025-06-28T19:42:55+05:30,FTP_Client,video9.mkv,1008.03,FALSE,50,1,396.69,2.54,0
2025-06-28T19:43:00+05:30,FTP_Client,video9.mkv,1008.03,FALSE,50,1,405.45,2.49,0
2025-06-28T19:45:28+05:30,FTP_Client,video15.mkv,1543.63,FALSE,50,1,892994.26,0,0
2025-06-28T19:47:58+05:30,FTP_Client,video15.mkv,1543.63,FALSE,50,1,298.25,5.18,0
2025-06-28T19:48:09+05:30,FTP_Client,video15.mkv,1543.63,FALSE,50,1,203.26,7.59,0
2025-06-28T19:48:16+05:30,FTP_Client,video15.mkv,1543.63,FALSE,50,1,382.49,4.04,0
2025-06-28T19:48:26+05:30,FTP_Client,video15.mkv,1543.63,FALSE,50,1,271.91,5.68,0
2025-06-28T19:48:48+05:30,FTP_Client,video15.mkv,1543.63,FALSE,50,1,1320470.38,0,0
2025-06-28T20:00:29+05:30,FTP_Client,video15.mkv,1543.63,FALSE,50,1,394.57,3.91,0
2025-06-28T20:00:39+05:30,FTP_Client,video15.mkv,1543.63,FALSE,50,1,267.64,5.77,0
2025-06-28T20:05:55+05:30,FTP_Client,video15.mkv,1543.63,FALSE,50,1,321.34,4.8,0
2025-06-28T20:06:06+05:30,FTP_Client,video15.mkv,1543.63,FALSE,50,1,214.01,7.21,0
2025-06-28T20:06:20+05:30,FTP_Client,video15.mkv,1543.63,FALSE,50,1,213.08,7.24,0
2025-06-28T20:15:04+05:30,FTP_Client,video15.mkv,1543.63,FALSE,50,1,2771328.33,0,0
2025-06-28T20:29:22+05:30,FTP_Client,video15.mkv,1543.63,FALSE,50,1,995055.68,0,0
2025-06-28T20:30:27+05:30,FTP_Client,video15.mkv,1543.63,FALSE,50,1,240.54,6.42,0
2025-06-28T20:30:39+05:30,FTP_Client,video15.mkv,1543.63,FALSE,50,1,209.74,7.36,0
2025-06-28T20:30:49+05:30,FTP_Client,video15.mkv,1543.63,FALSE,50,1,644575.7,0,0
2025-06-28T20:36:20+05:30,FTP_Client,video15.mkv,1543.63,FALSE,50,1,1390281.8,0,0
2025-06-28T20:37:25+05:30,FTP_Client,video15.mkv,1543.63,FALSE,50,1,235.4,6.56,0
2025-06-28T20:46:01+05:30,FTP_Client,video15.mkv,1543.63,FALSE,50,1,301.01,5.13,0
2025-06-28T20:46:09+05:30,FTP_Client,video15.mkv,1543.63,FALSE,50,1,274.98,5.61,0
2025-06-28T20:46:30+05:30,FTP_Client,video15.mkv,1543.63,FALSE,50,1,738543.55,0,0
2025-06-28T20:56:32+05:30,FTP_Client,video15.mkv,1543.63,FALSE,50,1,389.33,3.96,0
2025-06-28T20:56:49+05:30,FTP_Client,video15.mkv,1543.63,FALSE,50,1,258.61,5.97,0
2025-06-28T20:57:00+05:30,FTP_Client,video15.mkv,1543.63,FALSE,50,1,186.09,8.3,0
2025-06-28T20:57:16+05:30,FTP_Client,video15.mkv,1543.63,FALSE,50,1,182.64,8.45,0
2025-06-28T20:58:04+05:30,FTP_Client,video28.mkv,2802.85,FALSE,50,1,83.09,33.73,0
2025-06-28T20:59:26+05:30,FTP_Client,video15.mkv,1543.63,FALSE,50,1,129.67,11.9,0
2025-06-28T20:59:33+05:30,FTP_Client,video15.mkv,1543.63,FALSE,50,1,491633.19,0,0
2025-06-28T22:16:39+05:30,FTP_Client,video9.mkv,1008.03,FALSE,50,1,465.79,2.16,0
2025-06-28T22:17:35+05:30,FTP_Client,video9.mkv,1008.03,FALSE,50,1,23.73,42.47,0
2025-06-28T22:17:41+05:30,FTP_Client,video9.mkv,1008.03,FALSE,50,1,414.83,2.43,0
2025-06-28T22:17:49+05:30,FTP_Client,video9.mkv,1008.03,FALSE,50,1,442.08,2.28,0
2025-06-28T22:18:21+05:30,FTP_Client,video9.mkv,1008.03,FALSE,50,1,506.44,1.99,0
2025-06-28T22:18:30+05:30,FTP_Client,video9.mkv,1008.03,FALSE,50,1,419.32,2.4,0
2025-06-28T22:20:52+05:30,FTP_Client,video15.mkv,1543.63,FALSE,50,1,1236090.55,0,0
2025-06-28T22:23:55+05:30,FTP_Client,video15.mkv,1543.63,FALSE,50,1,901863.68,0,0
2025-06-28T22:29:23+05:30,FTP_Client,video9.mkv,1008.03,FALSE,50,1,290.01,3.48,0
2025-06-28T22:29:44+05:30,FTP_Client,video9.mkv,1008.03,FALSE,50,1,392.33,2.57,0
2025-06-28T22:29:51+05:30,FTP_Client,video9.mkv,1008.03,FALSE,50,1,388.1,2.6,0
2025-06-28T22:29:58+05:30,FTP_Client,video9.mkv,1008.03,FALSE,50,1,387.44,2.6,0
2025-06-28T22:30:53+05:30,FTP_Client,video28.mkv,2802.85,FALSE,50,1,97.27,28.81,0
2025-06-28T22:31:02+05:30,FTP_Client,video28.mkv,2802.85,FALSE,50,1,1017108.87,0,0
2025-06-28T22:35:11+05:30,FTP_Client,video28.mkv,2802.85,FALSE,50,1,2092613.8,0,0
2025-06-28T22:49:49+05:30,FTP_Client,video9.mkv,1008.03,FALSE,50,1,376.58,2.68,0
2025-06-28T22:50:05+05:30,FTP_Client,video9.mkv,1008.03,FALSE,50,1,480.06,2.1,0
2025-06-28T22:50:16+05:30,FTP_Client,video9.mkv,1008.03,FALSE,50,1,321.62,3.13,0
2025-06-28T22:50:28+05:30,FTP_Client,video9.mkv,1008.03,FALSE,50,1,295.09,3.42,0
2025-06-28T22:50:42+05:30,FTP_Client,video9.mkv,1008.03,FALSE,50,1,104.33,9.66,0
2025-06-28T22:50:50+05:30,FTP_Client,video9.mkv,1008.03,FALSE,50,1,234.58,4.3,0
2025-06-28T23:39:14+05:30,FTP_Client,video9.mkv,1008.03,FALSE,50,1,415.1,2.43,0
2025-06-28T23:39:21+05:30,FTP_Client,video9.mkv,1008.03,FALSE,50,1,359.4,2.8,0
2025-06-28T23:39:34+05:30,FTP_Client,video9.mkv,1008.03,FALSE,50,1,370.86,2.72,0
2025-06-28T23:39:50+05:30,FTP_Client,video9.mkv,1008.03,FALSE,50,1,322.1,3.13,0
2025-06-28T23:39:58+05:30,FTP_Client,video9.mkv,1008.03,FALSE,50,1,287.68,3.5,0
2025-06-28T23:40:09+05:30,FTP_Client,video9.mkv,1008.03,FALSE,50,1,233.18,4.32,0
2025-06-28T23:40:16+05:30,FTP_Client,video9.mkv,1008.03,FALSE,50,1,391.72,2.57,0
2025-06-29T00:01:32+05:30,FTP_Client,video9.mkv,1008.03,FALSE,50,1,407.43,2.47,0
2025-06-29T00:01:41+05:30,FTP_Client,video15.mkv,1543.63,FALSE,50,1,0,0,0
2025-06-29T00:03:36+05:30,FTP_Client,video9.mkv,1008.03,FALSE,50,1,360.92,2.79,0
2025-06-29T00:03:54+05:30,FTP_Client,video9.mkv,1008.03,FALSE,50,1,364.68,2.76,0
2025-06-29T00:07:14+05:30,FTP_Client,video9.mkv,1008.03,FALSE,50,1,61.79,16.31,0
2025-06-29T00:07:28+05:30,FTP_Client,video9.mkv,1008.03,FALSE,50,1,193.87,5.2,0
2025-06-29T00:07:44+05:30,FTP_Client,video9.mkv,1008.03,FALSE,50,1,87.53,11.52,0
2025-06-29T00:08:24+05:30,FTP_Client,video15.mkv,1543.63,FALSE,50,1,103.31,14.94,0
2025-06-29T00:08:37+05:30,FTP_Client,video15.mkv,1543.63,FALSE,50,1,0,0,0
2025-06-29T00:10:48+05:30,FTP_Client,video9.mkv,1008.03,FALSE,50,1,308.13,3.27,0
2025-06-29T00:11:08+05:30,FTP_Client,video15.mkv,1543.63,FALSE,50,1,130.49,11.83,0
2025-06-29T00:11:22+05:30,FTP_Client,video15.mkv,1543.63,FALSE,50,1,161.48,9.56,0
2025-06-29T00:11:34+05:30,FTP_Client,video15.mkv,1543.63,FALSE,50,1,341.11,4.53,0
2025-06-29T00:11:51+05:30,FTP_Client,video15.mkv,1543.63,FALSE,50,1,122.87,12.56,0
2025-06-29T00:12:05+05:30,FTP_Client,video15.mkv,1543.63,FALSE,50,1,0,0,0
2025-06-29T00:26:32+05:30,FTP_Client,video9.mkv,1008.03,FALSE,50,1,401.76,2.51,0
2025-06-29T00:26:38+05:30,FTP_Client,video9.mkv,1008.03,FALSE,50,1,531.43,1.9,0
2025-06-29T00:27:22+05:30,FTP_Client,video9.mkv,1008.03,FALSE,50,1,435.03,2.32,0
2025-06-29T00:27:30+05:30,FTP_Client,video9.mkv,1008.03,FALSE,50,1,450.9,2.24,0
2025-06-29T00:27:48+05:30,FTP_Client,video15.mkv,1543.63,FALSE,50,1,0,0,0
2025-06-29T00:40:19+05:30,FTP_Client,Video_0.9.mp4,863.36,FALSE,50,1,114.06,7.57,0
2025-06-29T00:40:25+05:30,FTP_Client,Video_0.9.mp4,863.36,FALSE,50,1,406.75,2.12,0
2025-06-29T00:40:33+05:30,FTP_Client,Video_0.9.mp4,863.36,FALSE,50,1,384.96,2.24,0
2025-06-29T00:41:09+05:30,FTP_Client,Video_1.9.mp4,1887.58,FALSE,50,1,104.99,17.98,0
2025-06-29T00:41:19+05:30,FTP_Client,Video_1.9.mp4,1887.58,FALSE,50,1,257.83,7.32,0
2025-06-29T00:42:39+05:30,FTP_Client,Video_2.8.mkv,2802.85,FALSE,50,1,42.7,65.63,0
2025-06-29T00:43:02+05:30,FTP_Client,Video_2.8.mkv,2802.85,FALSE,50,1,211.22,13.27,0
2025-06-29T00:43:15+05:30,FTP_Client,Video_0.9.mp4,863.36,FALSE,50,1,388.38,2.22,0
2025-06-29T00:43:28+05:30,FTP_Client,Video_1.9.mp4,1887.58,FALSE,50,1,203.4,9.28,0
2025-06-29T00:43:43+05:30,FTP_Client,Video_1.9.mp4,1887.58,FALSE,50,1,163.97,11.51,0
2025-06-29T00:44:10+05:30,FTP_Client,Video_0.9.mp4,863.36,FALSE,50,1,407.67,2.12,0
2025-06-29T00:44:29+05:30,FTP_Client,Video_1.9.mp4,1887.58,FALSE,50,1,422.15,4.47,0
2025-06-29T00:45:15+05:30,FTP_Client,Video_2.8.mkv,2802.85,FALSE,50,1,408.67,6.86,0
2025-06-29T12:41:50+05:30,FTP_Client,Video_0.9.mp4,863.36,FALSE,50,1,103.51,8.34,0
2025-06-29T12:41:58+05:30,FTP_Client,Video_0.9.mp4,863.36,FALSE,50,1,318.07,2.71,0
2025-06-29T12:42:47+05:30,FTP_Client,Video_0.9.mp4,863.36,FALSE,50,1,370.55,2.33,0
2025-06-29T12:43:28+05:30,FTP_Client,Video_0.9.mp4,863.36,FALSE,50,1,483.21,1.79,0
2025-06-29T12:43:53+05:30,FTP_Client,Video_0.9.mp4,863.36,FALSE,50,1,441.79,1.95,0
2025-06-29T12:45:24+05:30,FTP_Client,Video_1.9.mp4,1887.58,FALSE,50,1,73.42,25.71,0
2025-06-29T12:45:41+05:30,FTP_Client,Video_1.9.mp4,1887.58,FALSE,50,1,140.05,13.48,0
2025-06-29T12:45:56+05:30,FTP_Client,Video_1.9.mp4,1887.58,FALSE,50,1,178.75,10.56,0
2025-06-29T12:47:49+05:30,FTP_Client,Video_1.9.mp4,1887.58,FALSE,50,1,0,0,0
2025-06-29T14:21:30+05:30,FTP_Client,Video_0.9.mp4,863.36,FALSE,50,1,358.84,2.41,0
2025-06-29T14:22:59+05:30,FTP_Client,Video_1.9.mp4,1887.58,FALSE,50,1,0,0,0
2025-06-29T14:34:33+05:30,FTP_Client,Video_0.9.mp4,863.36,FALSE,50,1,355.76,2.43,0
2025-06-29T14:34:42+05:30,FTP_Client,Video_1.9.mp4,1887.58,FALSE,50,1,0,0,0
2025-06-29T14:52:03+05:30,FTP_Client,Video_0.9.mp4,863.36,FALSE,50,1,386.93,2.23,0
2025-06-29T14:52:12+05:30,FTP_Client,Video_1.9.mp4,1887.58,FALSE,50,1,0,0,0
2025-06-29T15:07:08+05:30,FTP_Client,Video_1.9.mp4,1887.58,FALSE,50,1,0,0.01,0
2025-06-29T15:22:53+05:30,FTP_Client,Video_1.9.mp4,1887.58,FALSE,50,1,598.29,3.15,0
2025-06-29T15:23:18+05:30,FTP_Client,Video_1.9.mp4,1887.58,FALSE,50,1,563.92,3.35,0
2025-06-29T15:24:21+05:30,FTP_Client,Video_1.9.mp4,1887.58,FALSE,50,1,489.27,3.86,0
2025-06-29T15:24:38+05:30,FTP_Client,Video_1.9.mp4,1887.58,FALSE,50,1,511.33,3.69,0
2025-06-29T15:25:49+05:30,FTP_Client,Video_0.9.mp4,863.36,FALSE,50,1,302.94,2.85,0
2025-06-29T15:26:03+05:30,FTP_Client,Video_1.9.mp4,1887.58,FALSE,50,1,0,0.02,0
2025-06-29T15:29:26+05:30,FTP_Client,Video_0.9.mp4,863.36,FALSE,50,1,521.51,1.66,0
2025-06-29T15:33:47+05:30,FTP_Client,Video_0.9.mp4,863.36,FALSE,50,1,714.24,1.21,0
2025-06-29T15:34:01+05:30,FTP_Client,Video_1.9.mp4,1887.58,FALSE,50,1,542.4,3.48,0
2025-06-29T15:34:22+05:30,FTP_Client,Video_1.9.mp4,1887.58,FALSE,50,1,660.11,2.86,0
2025-06-29T15:35:46+05:30,FTP_Client,Video_1.9.mp4,1887.58,FALSE,50,1,664.72,2.84,0
2025-06-29T15:37:11+05:30,FTP_Client,Video_0.9.mp4,863.36,FALSE,50,1,174.75,4.94,0
2025-06-29T15:37:30+05:30,FTP_Client,Video_1.9.mp4,1887.58,FALSE,50,1,225.34,8.38,0
2025-06-29T21:09:39+05:30,FTP_Client,Video_0.9.mp4,863.36,FALSE,50,1,415.26,2.08,0
2025-06-29T21:09:59+05:30,FTP_Client,Video_1.9.mp4,1887.58,FALSE,50,1,446.3,4.23,0
2025-06-29T21:11:26+05:30,FTP_Client,Video_2.8.mkv,2802.85,FALSE,50,1,437.39,6.41,0
2025-06-29T21:13:03+05:30,FTP_Client,Video_0.9.mp4,863.36,FALSE,50,1,90.22,9.57,0
2025-06-29T21:13:11+05:30,FTP_Client,Video_0.9.mp4,863.36,FALSE,50,1,261.9,3.3,0
2025-06-29T21:13:28+05:30,FTP_Client,Video_0.9.mp4,863.36,FALSE,50,1,172.23,5.01,0
2025-06-29T21:13:34+05:30,FTP_Client,Video_0.9.mp4,863.36,FALSE,50,1,258.82,3.34,0
2025-06-29T21:28:15+05:30,FTP_Client,Video_0.9.mp4,863.36,FALSE,50,1,418.97,2.06,0
2025-06-29T21:28:28+05:30,FTP_Client,Video_1.9.mp4,1887.58,FALSE,50,1,420.94,4.48,0
2025-06-29T21:58:38+05:30,FTP_Client,Video_1.9.mp4,1887.58,FALSE,50,1,704.48,2.68,0
2025-06-29T21:58:57+05:30,FTP_Client,Video_2.8.mkv,2802.85,FALSE,50,1,650.39,4.31,0
2025-06-29T22:03:44+05:30,FTP_Client,Video_0.9.mp4,863.36,FALSE,50,1,163.99,5.26,0
2025-06-29T22:03:50+05:30,FTP_Client,Video_0.9.mp4,863.36,FALSE,50,1,233.88,3.69,0
2025-06-29T22:03:58+05:30,FTP_Client,Video_0.9.mp4,863.36,FALSE,50,1,234.21,3.69,0
2025-06-29T22:04:04+05:30,FTP_Client,Video_0.9.mp4,863.36,FALSE,50,1,280.59,3.08,0
2025-06-29T22:04:54+05:30,FTP_Client,Video_1.9.mp4,1887.58,FALSE,50,1,164.38,11.48,0
2025-06-29T22:05:06+05:30,FTP_Client,Video_1.9.mp4,1887.58,FALSE,50,1,210.56,8.96,0
2025-06-29T22:05:43+05:30,FTP_Client,Video_2.8.mkv,2802.85,FALSE,50,1,120.48,23.26,0
2025-06-29T23:20:17+05:30,FTP_Client,Video_0.9.mp4,863.36,FALSE,50,1,49.27,17.52,0
2025-06-29T23:20:23+05:30,FTP_Client,Video_0.9.mp4,863.36,FALSE,50,1,208.25,4.15,0
2025-06-29T23:25:53+05:30,FTP_Client,Video_0.9.mp4,863.36,FALSE,50,1,216.98,3.98,0
2025-06-29T23:26:44+05:30,FTP_Client,Video_0.9.mp4,863.36,FALSE,50,1,228.07,3.79,0
2025-06-30T00:09:08+05:30,FTP_Client,Video_0.9.mp4,863.36,FALSE,50,1,288.13,3,0
2025-06-30T00:09:28+05:30,FTP_Client,Video_1.9.mp4,1887.58,FALSE,50,1,137.13,13.76,0
2025-06-30T01:14:48+05:30,FTP_Client,Video_0.9.mp4,863.36,FALSE,50,1,90.23,9.57,0
2025-06-30T01:15:44+05:30,FTP_Client,Video_1.9.mp4,1887.58,FALSE,50,1,84.83,22.25,0
2025-06-30T01:16:00+05:30,FTP_Client,Video_1.9.mp4,1887.58,FALSE,50,1,142.57,13.24,0
2025-06-30T01:37:15+05:30,FTP_Client,Video_0.9.mp4,863.36,FALSE,50,1,189.73,4.55,0
2025-06-30T01:37:41+05:30,FTP_Client,Video_1.9.mp4,1887.58,FALSE,50,1,89.04,21.2,0
2025-06-30T01:38:10+05:30,FTP_Client,Video_1.9.mp4,1887.58,FALSE,50,1,195.07,9.68,0
2025-06-30T01:43:36+05:30,FTP_Client,Video_0.9.mp4,863.36,FALSE,50,1,98,8.81,0
2025-06-30T01:43:56+05:30,FTP_Client,Video_0.9.mp4,863.36,FALSE,50,1,220.48,3.92,0
2025-06-30T01:44:18+05:30,FTP_Client,Video_1.9.mp4,1887.58,FALSE,50,1,143.75,13.13,0
2025-06-30T01:47:49+05:30,FTP_Client,Video_1.9.mp4,1887.58,FALSE,50,1,209.79,9,0
2025-06-30T01:48:13+05:30,FTP_Client,Video_1.9.mp4,1887.58,FALSE,50,1,111.64,16.91,0
2025-06-30T01:48:51+05:30,FTP_Client,Video_0.9.mp4,863.36,FALSE,50,1,393.09,2.2,0
2025-06-30T01:48:59+05:30,FTP_Client,Video_1.9.mp4,1887.58,FALSE,50,1,399.5,4.72,0
2025-06-30T01:49:07+05:30,FTP_Client,Video_0.9.mp4,863.36,FALSE,50,1,402.34,2.15,0
2025-06-30T01:49:20+05:30,FTP_Client,Video_1.9.mp4,1887.58,FALSE,50,1,182.68,10.33,0
2025-06-30T01:49:35+05:30,FTP_Client,Video_1.9.mp4,1887.58,FALSE,50,1,148.31,12.73,0
2025-06-30T01:53:10+05:30,FTP_Client,Video_1.9.mp4,1887.58,FALSE,50,1,413.69,4.56,0
2025-06-30T01:53:25+05:30,FTP_Client,Video_1.9.mp4,1887.58,FALSE,50,1,223.98,8.43,0
2025-06-30T01:53:44+05:30,FTP_Client,Video_1.9.mp4,1887.58,FALSE,50,1,157.78,11.96,0
2025-06-30T12:20:10+05:30,FTP_Client,Video_0.9.mp4,8192,FALSE,50,1,400.37,20.46,0
2025-06-30T12:25:19+05:30,FTP_Client,Video_0.9.mp4,863.36,FALSE,50,1,418.97,2.06,0
2025-06-30T12:25:44+05:30,FTP_Client,Video_1.9.mp4,1887.58,FALSE,50,1,432.2,4.37,0
2025-06-30T12:25:59+05:30,FTP_Client,Video_0.9.mp4,863.36,FALSE,50,1,385.08,2.24,0
2025-06-30T12:26:14+05:30,FTP_Client,Video_1.9.mp4,1887.58,FALSE,50,1,315.57,5.98,0
2025-06-30T12:26:26+05:30,FTP_Client,Video_1.9.mp4,1887.58,FALSE,50,1,231.65,8.15,0
2025-06-30T12:26:48+05:30,FTP_Client,Video_1.9.mp4,1887.58,FALSE,50,1,196.93,9.59,0
2025-06-30T12:27:00+05:30,FTP_Client,Video_1.9.mp4,1887.58,FALSE,50,1,438.03,4.31,0
2025-06-30T12:28:53+05:30,FTP_Client,Video_0.9.mp4,5728.84,FALSE,50,1,419.41,13.66,0
2025-06-30T12:36:37+05:30,FTP_Client,Video_1.9.mp4,1887.58,FALSE,50,1,403.9,4.67,0
2025-06-30T12:37:03+05:30,FTP_Client,Video_2.8.mkv,2802.85,FALSE,50,1,438.04,6.4,0
2025-06-30T13:05:35+05:30,FTP_Client,Video_1.9.mp4,1887.58,FALSE,50,1,86.84,21.74,0
2025-06-30T13:21:17+05:30,FTP_Client,Video_1.9.mp4,1887.58,FALSE,50,1,160.22,11.78,0
2025-06-30T13:37:01+05:30,FTP_Client,Video_1.9.mp4,1887.58,FALSE,50,1,13.77,137.12,0
2025-06-30T15:15:51+05:30,FTP_Client,Video_1.9.mp4,1887.58,FALSE,50,1,13.12,143.88,0
2025-06-30T15:16:14+05:30,FTP_Client,Video_1.9.mp4,1887.58,FALSE,50,1,116.42,16.21,0
2025-06-30T15:42:01+05:30,FTP_Client,Video_1.9.mp4,1887.58,FALSE,50,1,135.66,13.91,0
2025-06-30T15:44:33+05:30,FTP_Client,Video_1.9.mp4,1887.58,FALSE,50,1,77.23,24.44,0
2025-06-30T20:12:38+05:30,FTP_Client,Video_1.9.mp4,1887.58,FALSE,50,1,434.41,4.35,0
2025-06-30T20:14:14+05:30,FTP_Client,Video_1.9.mp4,1887.58,FALSE,50,1,321.97,5.86,0
2025-06-30T22:25:37+05:30,FTP_Client,Video_1.9.mp4,1887.58,FALSE,50,1,263.51,7.16,0
2025-06-30T22:26:39+05:30,FTP_Client,Video_2.8.mkv,2802.85,FALSE,50,1,81.18,34.53,0
2025-06-30T22:27:31+05:30,FTP_Client,Video_2.8.mkv,2802.85,FALSE,50,1,62.12,45.12,0
2025-06-30T22:35:04+05:30,FTP_Client,Video_1.9.mp4,1887.58,FALSE,50,1,87.74,21.51,0
2025-06-30T22:42:18+05:30,FTP_Client,Video_1.9.mp4,1887.58,FALSE,50,1,77.49,24.36,0
2025-06-30T22:42:27+05:30,FTP_Client,Video_1.9.mp4,1887.58,FALSE,50,1,76.39,24.71,0
2025-07-01T00:46:51+05:30,FTP_Client,Video_1.9.mp4,1887.58,FALSE,50,1,100.31,18.82,0
2025-07-01T00:48:57+05:30,FTP_Client,Video_1.9.mp4,1887.58,FALSE,50,1,235.1,8.03,0
2025-07-01T01:07:50+05:30,FTP_Client,Video_1.9.mp4,1887.58,FALSE,50,1,313.1,6.03,0
2025-07-01T01:08:04+05:30,FTP_Client,Video_1.9.mp4,1887.58,FALSE,50,1,459.43,4.11,0
2025-07-01T01:08:52+05:30,FTP_Client,Video_1.9.mp4,1887.58,FALSE,50,1,302.92,6.23,0
2025-07-01T01:09:29+05:30,FTP_Client,Video_1.9.mp4,1887.58,FALSE,50,1,164.98,11.44,0
2025-07-01T01:09:39+05:30,FTP_Client,Video_1.9.mp4,1887.58,FALSE,50,1,106.84,17.67,0
2025-07-01T10:17:22+05:30,FTP_Client,Video_1.9.mp4,1887.58,FALSE,50,1,106,17.81,0
2025-07-01T10:18:11+05:30,FTP_Client,Video_1.9.mp4,1887.58,FALSE,50,1,45.17,41.79,0
2025-07-01T10:18:26+05:30,FTP_Client,Video_1.9.mp4,1887.58,FALSE,50,1,187.71,10.06,0
2025-07-01T10:18:50+05:30,FTP_Client,Video_1.9.mp4,1887.58,FALSE,50,1,123.39,15.3,0
2025-07-01T10:23:11+05:30,FTP_Client,Video_1.9.mp4,1887.58,FALSE,50,1,433.78,4.35,0
2025-07-01T10:25:37+05:30,FTP_Client,Video_2.8.mkv,2802.85,FALSE,50,1,424.66,6.6,0
2025-07-01T10:33:06+05:30,FTP_Client,Video_2.8.mkv,2802.85,FALSE,50,1,390.5,7.18,0
2025-07-01T10:40:36+05:30,FTP_Client,Video_2.8.mkv,2802.85,FALSE,50,1,433.03,6.47,0
2025-07-01T12:45:51+05:30,FTP_Client,Video_2.8.mkv,2802.85,FALSE,50,1,388.46,7.22,0
2025-07-01T12:51:44+05:30,FTP_Client,Video_1.9.mp4,1887.58,FALSE,50,1,85.21,22.15,0
2025-07-01T12:52:26+05:30,FTP_Client,Video_1.9.mp4,1887.58,FALSE,50,1,49.36,38.24,0
2025-07-01T12:53:18+05:30,FTP_Client,Video_2.8.mkv,2802.85,FALSE,50,1,62.79,44.64,0
2025-07-01T12:57:40+05:30,FTP_Client,Video_1.9.mp4,1887.58,FALSE,50,1,377.82,5,0
2025-07-01T12:58:06+05:30,FTP_Client,Video_2.8.mkv,2802.85,FALSE,50,1,381.12,7.35,0
2025-07-01T13:02:09+05:30,FTP_Client,Video_1.9.mp4,1887.58,FALSE,50,1,82.18,22.97,0
2025-07-01T13:03:13+05:30,FTP_Client,Video_2.8.mkv,2802.85,FALSE,50,1,74.79,37.48,0
2025-07-01T13:04:37+05:30,FTP_Client,Video_1.9.mp4,1887.58,FALSE,50,1,83.23,22.68,0
2025-07-01T18:25:29+05:30,FTP_Client,Video_1.9.mp4,1887.58,FALSE,50,1,140.2,13.46,0
2025-07-01T19:17:22+05:30,FTP_Client,Video_1.9.mp4,1887.58,FALSE,50,1,319.33,5.91,0
2025-07-01T19:17:35+05:30,FTP_Client,Video_1.9.mp4,1887.58,FALSE,50,1,204.8,9.22,0
2025-07-01T19:18:35+05:30,FTP_Client,Video_2.8.mkv,2802.85,FALSE,50,1,81.51,34.39,0
2025-07-01T19:19:07+05:30,FTP_Client,Video_2.8.mkv,2802.85,FALSE,50,1,109.7,25.55,0
2025-07-01T19:19:43+05:30,FTP_Client,Video_1.9.mp4,1887.58,FALSE,50,1,61.79,30.55,0
2025-07-01T19:22:01+05:30,FTP_Client,Video_1.9.mp4,1887.58,FALSE,50,1,301.55,6.26,0
2025-07-01T20:11:18+05:30,FTP_Client,Video_1.9.mp4,1887.58,FALSE,50,1,324.74,5.81,0
2025-07-01T20:12:47+05:30,FTP_Client,Video_2.8.mkv,2802.85,FALSE,50,1,34.47,81.32,0
2025-07-01T20:13:18+05:30,FTP_Client,Video_2.8.mkv,2802.85,FALSE,50,1,137.1,20.44,0
2025-07-01T20:13:57+05:30,FTP_Client,Video_2.8.mkv,2802.85,FALSE,50,1,158.26,17.71,0
2025-07-01T20:16:12+05:30,FTP_Client,Video_1.9.mp4,1887.58,FALSE,50,1,97.45,19.37,0
2025-07-01T20:16:26+05:30,FTP_Client,Video_1.9.mp4,1887.58,FALSE,50,1,194.01,9.73,0
2025-07-01T23:40:30+05:30,FTP_Client,Video_1.9.mp4,1887.58,FALSE,50,1,88.35,21.37,0
2025-07-01T23:40:53+05:30,FTP_Client,Video_1.9.mp4,1887.58,FALSE,50,1,108.42,17.41,0
2025-07-01T23:52:01+05:30,FTP_Client,Video_1.9.mp4,1887.58,FALSE,50,1,157.98,11.95,0
2025-07-01T23:52:23+05:30,FTP_Client,Video_1.9.mp4,1887.58,FALSE,50,1,102.77,18.37,0
2025-07-01T23:52:55+05:30,FTP_Client,Video_1.9.mp4,1887.58,FALSE,50,1,162.14,11.64,0
2025-07-02T15:25:05+05:30,FTP_Client,Solo.Leveling.mkv,4,FALSE,50,1,27.9,0.14,0
2025-07-03T12:21:31+05:30,FTP_Client,Video_0.9.mp4,863.36,FALSE,50,1,407.85,2.12,0
2025-07-03T12:21:58+05:30,FTP_Client,Video_1.9.mp4,1887.58,FALSE,50,1,432.32,4.37,0
2025-07-03T12:22:48+05:30,FTP_Client,Video_2.8.mkv,2802.85,FALSE,50,1,456.11,6.15,0
2025-07-03T12:23:49+05:30,FTP_Client,Video_0.9.mp4,863.36,FALSE,50,1,56.6,15.25,0
2025-07-03T12:25:48+05:30,FTP_Client,Video_0.9.mp4,863.36,FALSE,50,1,59.38,14.54,0
2025-07-03T12:41:13+05:30,FTP_Client,Video_0.9.mp4,863.36,FALSE,50,1,56.45,15.29,0
2025-07-03T13:07:00+05:30,FTP_Client,Video_0.9.mp4,863.36,FALSE,50,1,59.32,14.55,0
2025-07-03T13:07:26+05:30,FTP_Client,Video_0.9.mp4,863.36,FALSE,50,1,257.31,3.36,0
2025-07-03T13:08:47+05:30,FTP_Client,Video_0.9.mp4,863.36,FALSE,50,1,57.92,14.91,0
2025-07-03T13:08:56+05:30,FTP_Client,Video_0.9.mp4,863.36,FALSE,50,1,255.65,3.38,0
2025-07-03T16:05:20+05:30,FTP_Client,Video_0.9.mp4,863.36,FALSE,50,1,114.83,7.52,0
2025-07-03T16:21:35+05:30,FTP_Client,Video_0.9.mp4,863.36,FALSE,50,1,223.71,3.86,0
2025-07-03T16:21:59+05:30,FTP_Client,Video_0.9.mp4,863.36,FALSE,50,1,115.46,7.48,0
2025-07-03T16:22:30+05:30,FTP_Client,Video_1.9.mp4,1887.58,FALSE,50,1,102.92,18.34,0
2025-07-03T16:22:44+05:30,FTP_Client,Video_0.9.mp4,863.36,FALSE,50,1,167.32,5.16,0
2025-07-03T16:23:18+05:30,FTP_Client,Video_0.9.mp4,863.36,FALSE,50,1,108.26,7.97,0
2025-07-03T16:23:36+05:30,FTP_Client,Video_0.9.mp4,863.36,FALSE,50,1,88.39,9.77,0
2025-07-03T17:42:26+05:30,FTP_Client,Video_0.9.mp4,863.36,FALSE,50,1,268.38,3.22,0
2025-07-03T17:42:56+05:30,FTP_Client,Video_1.9.mp4,1887.58,FALSE,50,1,316.32,5.97,0
2025-07-03T17:44:34+05:30,FTP_Client,Video_2.8.mkv,2802.85,FALSE,50,1,53.66,52.23,0
2025-07-03T17:44:52+05:30,FTP_Client,Video_2.8.mkv,2802.85,FALSE,50,1,193.2,14.51,0
2025-07-05T22:31:11+05:30,FTP_Client,Video_0.9.mp4,863.36,FALSE,50,1,114.3,8.41,0
2025-07-05T22:31:58+05:30,FTP_Client,Video_1.9.mp4,1887.58,FALSE,50,1,105.2,17.94,0
2025-07-05T22:50:34+05:30,FTP_Client,Video_0.9.mp4,863.36,FALSE,50,1,349.9,3.14,0
2025-07-05T22:50:48+05:30,FTP_Client,Video_1.9.mp4,1887.58,FALSE,50,1,377.08,5.78,0
2025-07-08T20:30:01+05:30,Download_Chunked,Video_0.9.mp4,863.36,FALSE,0,8,96.8,8.92,0
2025-07-08T20:30:24+05:30,Download_Mmap,Video_0.9.mp4,863.36,FALSE,50,8,370.84,2.33,0
2025-07-08T20:30:50+05:30,Download_Mmap,Video_1.9.mp4,1887.58,FALSE,50,8,388.76,4.86,0
2025-07-08T20:31:24+05:30,Download_Mmap,Video_2.8.mkv,2802.85,FALSE,50,8,390.55,7.18,0
2025-07-08T20:35:34+05:30,Upload_Mmap,Video_0.9.mp4,863.36,FALSE,50,1,74.32,11.62,0
2025-07-08T20:36:29+05:30,Upload_Mmap,Video_0.9.mp4,863.36,FALSE,50,1,282.25,3.5,0
2025-07-08T20:37:22+05:30,Upload_Mmap,Video_1.9.mp4,1887.58,FALSE,50,1,77.51,24.35,0
2025-07-09T10:58:02+05:30,Upload_Mmap,Video_0.9.mp4,863.36,FALSE,50,1,86.4,9.99,0
2025-07-09T11:02:24+05:30,Upload_Mmap,Video_0.9.mp4,863.36,FALSE,50,1,294.63,3.26,0
2025-07-09T11:25:32+05:30,Upload_Mmap,Video_1.9.mp4,1887.58,FALSE,50,1,77.77,24.27,0
2025-07-09T11:33:45+05:30,Upload_Mmap,Video_1.9.mp4,1887.58,FALSE,50,1,385.92,4.89,0
2025-07-10T18:37:40+05:30,Download_Chunked,Video_0.9.mp4,863.36,FALSE,0,8,102.16,8.45,0
2025-07-10T18:38:13+05:30,Download_Mmap,Video_0.9.mp4,863.36,FALSE,50,8,450.38,1.92,0
2025-07-10T18:38:41+05:30,Download_Mmap,Video_1.9.mp4,1887.58,FALSE,50,8,451,4.19,0
2025-07-10T18:39:41+05:30,Download_Mmap,Video_2.8.mkv,2802.85,FALSE,50,8,414.25,6.77,0
2025-07-10T19:17:27+05:30,Upload_Mmap,Video_0.9.mp4,863.36,FALSE,50,1,81.88,10.54,0
2025-07-10T19:17:40+05:30,Upload_Mmap,Video_0.9.mp4,863.36,FALSE,50,1,287.11,3.41,0
2025-07-10T19:18:20+05:30,Upload_Mmap,Video_1.9.mp4,1887.58,FALSE,50,1,79.17,23.84,0
2025-07-10T22:45:10+05:30,Download_Chunked,Video_0.9.mp4,863.36,FALSE,0,8,111.71,7.73,0
2025-07-10T22:46:48+05:30,Download_Chunked,Video_0.9.mp4,863.36,FALSE,0,8,130.72,6.6,0
2025-07-10T22:47:05+05:30,Download_Mmap,Video_0.9.mp4,863.36,FALSE,50,8,520.33,1.66,0
2025-07-10T22:47:33+05:30,Download_Mmap,Video_1.9.mp4,1887.58,FALSE,50,8,442.63,4.26,0
2025-07-10T22:47:50+05:30,Download_Mmap,Video_2.8.mkv,2802.85,FALSE,50,8,450.35,6.22,0
2025-07-10T22:54:00+05:30,Upload_Mmap,Video_0.9.mp4,863.36,FALSE,50,1,81.77,10.56,0
2025-07-10T22:54:37+05:30,Upload_Mmap,Video_0.9.mp4,863.36,FALSE,50,1,277.75,3.55,0
2025-07-10T22:54:47+05:30,Upload_Mmap,Video_0.9.mp4,863.36,FALSE,50,1,318.9,5.38,0
2025-07-10T22:56:32+05:30,Upload_Mmap,Video_0.9.mp4,863.36,FALSE,50,1,288.78,3.35,0
2025-07-11T18:43:15+05:30,Download_Mmap,Video_1.9.mp4,1887.58,FALSE,50,8,421.95,4.47,0
2025-07-11T18:44:24+05:30,Upload_Mmap,Video_1.9.mp4,1887.58,FALSE,50,1,325.72,39.83,0
2025-07-11T20:01:19+05:30,Download_Mmap,Video_1.9.mp4,1887.58,FALSE,50,8,473.12,3.99,0
2025-07-11T20:01:39+05:30,Upload_Mmap,Video_0.9.mp4,863.36,FALSE,50,1,93.26,9.26,0
2025-07-11T20:02:37+05:30,Upload_Mmap,Video_0.9.mp4,863.36,FALSE,50,1,398.25,2.17,0
2025-07-12T19:38:22+05:30,Download_Mmap,Video_1.9.mp4,1887.58,FALSE,50,8,456.85,4.13,0
2025-07-12T19:39:07+05:30,Upload_Mmap,Video_0.9.mp4,863.36,FALSE,50,1,101.94,8.47,0
2025-07-12T19:40:16+05:30,Upload_Mmap,Video_1.9.mp4,1887.58,FALSE,50,1,424.41,4.45,0
2025-07-12T19:41:34+05:30,Upload_Mmap,Video_2.8.mkv,2802.85,FALSE,50,1,58.68,47.77,0
2025-07-12T19:42:31+05:30,Upload_Mmap,Video_2.8.mkv,2802.85,FALSE,50,1,270.91,44.82,0
2025-07-12T19:43:17+05:30,Upload_Mmap,Video_2.8.mkv,2802.85,FALSE,50,1,378.86,8.83,0
2025-07-12T19:43:39+05:30,Upload_Mmap,Video_2.8.mkv,2802.85,FALSE,50,1,333.55,8.4,0
2025-07-12T20:18:20+05:30,Upload_Mmap,Video_0.9.mp4,863.36,FALSE,50,1,98.26,8.79,0
2025-07-12T20:40:43+05:30,Upload_Mmap,Video_0.9.mp4,863.36,FALSE,50,1,370.98,2.33,0
2025-07-12T20:41:11+05:30,Upload_Mmap,Video_1.9.mp4,1887.58,FALSE,50,1,96.78,19.5,0
2025-07-12T20:42:38+05:30,Upload_Mmap,Video_2.8.mkv,2802.85,FALSE,50,1,79.31,35.34,0
2025-07-13T21:48:25+05:30,Upload_Mmap,Video_0.9.mp4,863.36,FALSE,50,1,96.95,8.91,0
2025-07-13T22:15:09+05:30,Upload_Mmap,Video_0.9.mp4,863.36,FALSE,50,1,350.66,2.46,0
2025-07-13T22:46:30+05:30,Upload_Mmap,Video_1.9.mp4,1887.58,FALSE,50,1,85.64,22.04,0
2025-07-14T17:31:52+05:30,Upload_Mmap,Video_0.9.mp4,863.36,FALSE,50,1,80.53,10.72,0
2025-07-14T18:02:12+05:30,Upload_Mmap,Video_0.9.mp4,863.36,FALSE,50,1,282.18,4.05,0
2025-07-14T20:36:55+05:30,Download_Chunked,Video_1.9.mp4,1887.58,FALSE,0,8,268.78,7.02,0
2025-07-14T20:37:11+05:30,Download_Mmap,Video_1.9.mp4,1887.58,FALSE,50,8,770.56,2.45,0
2025-07-14T20:40:05+05:30,Upload_Mmap,Video_0.9.mp4,863.36,FALSE,50,1,174.71,5.94,0
2025-07-14T20:40:27+05:30,Upload_Mmap,Video_1.9.mp4,1887.58,FALSE,50,1,385.27,15.21,0
2025-07-14T20:41:26+05:30,Upload_Mmap,Video_2.8.mkv,2802.85,FALSE,50,1,155.69,25.69,0
2025-07-14T21:36:43+05:30,Upload_Mmap,Video_0.9.mp4,863.36,FALSE,50,1,88.42,9.76,0
2025-07-14T21:57:30+05:30,Upload_Mmap,Video_0.9.mp4,863.36,FALSE,50,1,266.24,4.32,0
2025-07-14T21:58:12+05:30,Upload_Mmap,Video_1.9.mp4,1887.58,FALSE,50,1,96.19,32.92,0
2025-07-15T01:49:26+05:30,Upload_Mmap,Video_0.9.mp4,863.36,FALSE,50,1,95.59,10.24,0
2025-07-15T01:51:46+05:30,Upload_Mmap,Video_1.9.mp4,1887.58,FALSE,50,1,45.42,41.56,0
2025-07-15T10:16:31+05:30,Upload_Mmap,Video_0.9.mp4,863.36,FALSE,50,1,105.69,9.28,0
2025-07-15T10:17:23+05:30,Upload_Mmap,Video_1.9.mp4,1887.58,FALSE,50,1,102.61,20.47,0
2025-07-15T18:38:10+05:30,Upload_Mmap,Video_0.9.mp4,863.36,FALSE,50,1,72.25,11.95,0
2025-07-15T18:38:40+05:30,Upload_Mmap,Video_0.9.mp4,863.36,FALSE,50,1,147.31,5.86,0
2025-07-15T18:39:27+05:30,Upload_Mmap,Video_1.9.mp4,1887.58,FALSE,50,1,58.4,32.32,0
2025-07-15T18:57:48+05:30,Download_Mmap,Video_0.9.mp4,863.36,FALSE,50,8,738.94,1.17,0
2025-07-15T18:57:57+05:30,Download_Mmap,Video_1.9.mp4,1887.58,FALSE,50,8,779.27,2.42,0
2025-07-15T18:58:17+05:30,Upload_Mmap,Video_0.9.mp4,863.36,FALSE,50,1,197.56,4.37,0
2025-07-15T18:58:42+05:30,Upload_Mmap,Video_1.9.mp4,1887.58,FALSE,50,1,134.95,13.99,0
2025-07-15T18:59:36+05:30,Upload_Mmap,Video_2.8.mkv,2802.85,FALSE,50,1,72.87,38.47,0
2025-07-15T19:53:19+05:30,Upload_Mmap,Video_0.9.mp4,863.36,FALSE,50,1,90.01,9.59,0
2025-07-15T19:57:25+05:30,Upload_Mmap,Video_0.9.mp4,863.36,FALSE,50,1,266.23,3.24,0
2025-07-16T12:22:13+05:30,Upload_Mmap,Video_0.9.mp4,863.36,FALSE,50,1,86.99,9.92,0
2025-07-16T17:55:10+05:30,Upload_Mmap,Video_0.9.mp4,863.36,FALSE,50,1,102.31,9.64,0
2025-07-16T17:56:10+05:30,Upload_Mmap,Video_1.9.mp4,1887.58,FALSE,50,1,76.21,24.77,0
2025-07-16T19:21:53+05:30,Upload_Mmap,Video_0.9.mp4,863.36,FALSE,50,1,107.9,8,0
2025-07-16T19:30:29+05:30,Upload_Mmap,Video_1.9.mp4,1887.58,FALSE,50,1,98.81,19.1,0
2025-07-16T19:30:58+05:30,Upload_Mmap,Video_1.9.mp4,1887.58,FALSE,50,1,320.85,5.88,0
2025-07-16T19:31:57+05:30,Upload_Mmap,Video_2.8.mkv,2802.85,FALSE,50,1,54.05,51.85,0
2025-07-16T19:32:43+05:30,Download_Chunked,Video_1.9.mp4,1887.58,FALSE,0,8,51.14,36.91,0
2025-07-16T19:33:00+05:30,Download_Chunked,Video_1.9.mp4,1887.58,FALSE,0,8,145.41,12.98,0
2025-07-16T19:33:13+05:30,Download_Mmap,Video_1.9.mp4,1887.58,FALSE,50,8,384.37,4.91,0
2025-07-16T19:33:42+05:30,Download_Mmap,Video_2.8.mkv,2802.85,FALSE,50,8,395.78,7.08,0
2025-07-16T19:34:50+05:30,Upload_Mmap,Video_1.9.mp4,1887.58,FALSE,50,1,237.55,7.95,0
2025-07-16T19:35:20+05:30,Upload_Mmap,Video_2.8.mkv,2802.85,FALSE,50,1,158.71,17.66,0
2025-07-16T19:35:42+05:30,Upload_Mmap,Video_2.8.mkv,2802.85,FALSE,50,1,188.59,14.86,0
2025-07-17T12:13:41+05:30,Download_Chunked,Video_0.9.mp4,863.36,FALSE,0,8,107.46,8.03,0
2025-07-17T12:13:59+05:30,Download_Mmap,Video_0.9.mp4,863.36,FALSE,50,8,402.35,2.15,0
2025-07-17T12:14:23+05:30,Download_Mmap,Video_1.9.mp4,1887.58,FALSE,50,8,368.15,5.13,0
2025-07-17T12:16:51+05:30,Download_Mmap,Video_2.8.mkv,2802.85,FALSE,50,8,435.22,6.44,0
2025-07-17T12:17:34+05:30,Upload_Mmap,Video_0.9.mp4,863.36,FALSE,50,1,47.41,18.21,0
2025-07-17T12:43:45+05:30,Download_Mmap,Video_0.9.mp4,863.36,FALSE,50,8,393.51,2.19,0
2025-07-17T12:43:56+05:30,Download_Mmap,Video_1.9.mp4,1887.58,FALSE,50,8,452.72,4.17,0
2025-07-17T12:44:14+05:30,Download_Mmap,Video_2.8.mkv,2802.85,FALSE,50,8,475.09,5.9,0
2025-07-17T12:50:01+05:30,Upload_Mmap,Video_0.9.mp4,863.36,FALSE,50,1,21.15,40.81,0
2025-07-17T12:50:20+05:30,Download_Mmap,Video_0.9.mp4,863.36,FALSE,50,8,422.43,2.04,0
2025-07-17T12:51:01+05:30,Upload_Mmap,Video_0.9.mp4,863.36,FALSE,50,1,23.13,37.32,0
2025-07-17T13:17:45+05:30,Download_Mmap,Video_0.9.mp4,863.36,FALSE,50,8,377.94,2.28,0
2025-07-17T13:18:18+05:30,Upload_Mmap,Video_0.9.mp4,863.36,FALSE,50,1,32.05,26.94,0
2025-07-17T13:18:48+05:30,Upload_Mmap,Video_0.9.mp4,863.36,FALSE,50,1,31.81,27.14,0
2025-07-17T13:26:38+05:30,Download_Mmap,Video_0.9.mp4,863.36,FALSE,50,8,467.8,1.85,0
2025-07-17T13:26:45+05:30,Upload_Mmap,Video_0.9.mp4,863.36,FALSE,50,1,265.75,3.25,0
2025-07-17T13:27:32+05:30,Upload_Mmap,Video_0.9.mp4,863.36,FALSE,50,1,22.98,37.56,0
2025-07-17T13:28:02+05:30,Download_Mmap,Video_1.9.mp4,1887.58,FALSE,50,8,438.52,4.3,0
2025-07-17T13:28:44+05:30,Upload_Mmap,Video_1.9.mp4,1887.58,FALSE,50,1,205.69,9.18,0
2025-07-17T13:29:09+05:30,Upload_Mmap,Video_1.9.mp4,1887.58,FALSE,50,1,105.04,17.97,0
2025-07-17T13:29:28+05:30,Upload_Mmap,Video_1.9.mp4,1887.58,FALSE,50,1,176.46,10.7,0
2025-07-17T13:30:01+05:30,Download_Mmap,Video_2.8.mkv,2802.85,FALSE,50,8,445.8,6.29,0
2025-07-17T13:30:49+05:30,Upload_Mmap,Video_2.8.mkv,2802.85,FALSE,50,1,119.81,23.39,0
2025-07-17T15:00:41+05:30,Download_Mmap,Video_0.9.mp4,863.36,FALSE,50,8,576.98,1.5,0
2025-07-17T15:01:36+05:30,Upload_Mmap,Video_0.9.mp4,863.36,FALSE,50,1,27.82,31.03,0
2025-07-17T15:02:12+05:30,Upload_Mmap,Video_0.9.mp4,863.36,FALSE,50,1,27.79,31.06,0
2025-07-17T15:07:14+05:30,Download_Mmap,Video_0.9.mp4,863.36,FALSE,50,8,455.12,1.9,0
2025-07-17T15:07:48+05:30,Upload_Mmap,Video_0.9.mp4,863.36,FALSE,50,1,28.79,29.98,0
2025-07-17T15:10:31+05:30,Upload_Mmap,Video_0.9.mp4,863.36,FALSE,50,1,364.2,2.37,0
2025-07-17T15:11:03+05:30,Upload_Mmap,Video_1.9.mp4,1887.58,FALSE,50,1,106.62,17.7,0
2025-07-17T15:11:14+05:30,Upload_Mmap,Video_1.9.mp4,1887.58,FALSE,50,1,268.5,7.03,0
2025-07-17T15:11:33+05:30,Upload_Mmap,Video_1.9.mp4,1887.58,FALSE,50,1,162.34,11.63,0
2025-07-17T22:40:29+05:30,Download_Mmap,Video_0.9.mp4,863.36,FALSE,50,8,482.58,1.79,0
2025-07-17T22:40:42+05:30,Download_Mmap,Video_1.9.mp4,1887.58,FALSE,50,8,431.3,4.38,0
2025-07-17T22:41:03+05:30,Upload_Mmap,Video_0.9.mp4,863.36,FALSE,50,1,87.43,9.87,0
2025-07-17T22:41:24+05:30,Upload_Mmap,Video_1.9.mp4,1887.58,FALSE,50,1,202.34,9.33,0
2025-07-17T23:09:10+05:30,Download_Mmap,Video_0.9.mp4,863.36,FALSE,50,8,426.93,2.02,0
2025-07-17T23:11:07+05:30,Upload_Mmap,Video_0.9.mp4,863.36,FALSE,50,1,167.05,5.17,0
2025-07-17T23:11:26+05:30,Upload_Mmap,Video_0.9.mp4,863.36,FALSE,50,1,157.6,5.48,0
2025-07-17T23:14:04+05:30,Download_Mmap,Video_1.9.mp4,1887.58,FALSE,50,8,411.31,4.59,0
2025-07-17T23:17:10+05:30,Upload_Mmap,Video_1.9.mp4,1887.58,FALSE,50,1,176.62,10.69,0
2025-07-18T01:21:30+05:30,Download_Mmap,Video_0.9.mp4,863.36,FALSE,50,8,421.45,2.05,0
2025-07-18T01:22:18+05:30,Upload_Mmap,Video_0.9.mp4,863.36,FALSE,50,1,21,41.12,0
2025-07-18T01:23:05+05:30,Upload_Mmap,Video_0.9.mp4,863.36,FALSE,50,1,20.62,41.87,0
2025-07-18T01:51:33+05:30,Download_Mmap,Video_0.9.mp4,863.36,FALSE,50,8,467.65,1.85,0
2025-07-18T01:51:44+05:30,Upload_Mmap,Video_0.9.mp4,863.36,FALSE,50,1,162.33,5.32,0
2025-07-18T02:05:07+05:30,Download_Mmap,Video_0.9.mp4,863.36,FALSE,50,8,384.09,2.25,0
2025-07-18T02:05:51+05:30,Upload_Mmap,Video_0.9.mp4,863.36,FALSE,50,1,23.32,37.03,0
2025-07-18T02:06:41+05:30,Upload_Mmap,Video_0.9.mp4,863.36,FALSE,50,1,24.52,35.21,0
2025-07-18T02:18:07+05:30,Download_Mmap,Video_0.9.mp4,863.36,FALSE,50,8,382.12,2.26,0
2025-07-18T02:18:18+05:30,Upload_Mmap,Video_0.9.mp4,863.36,FALSE,50,1,136.35,6.33,0
2025-07-18T02:23:00+05:30,Upload_Mmap,Video_0.9.mp4,863.36,FALSE,50,1,141.33,6.11,0
2025-07-18T15:41:44+05:30,Download_Chunked,Video_0.9.mp4,863.36,FALSE,0,8,109.09,7.91,0
2025-07-18T15:42:03+05:30,Download_Mmap,Video_0.9.mp4,863.36,FALSE,50,8,380.16,2.27,0
2025-07-18T15:42:49+05:30,Upload_Mmap,Video_0.9.mp4,863.36,FALSE,50,1,22.38,38.57,0
2025-07-18T17:49:27+05:30,Download_Mmap,Video_0.9.mp4,863.36,FALSE,50,8,708.17,1.22,0
2025-07-18T17:50:46+05:30,Upload_Mmap,Video_0.9.mp4,863.36,FALSE,50,1,33.58,25.71,0
2025-07-18T21:44:45+05:30,Download_Mmap,Video_0.9.mp4,863.36,FALSE,50,8,475.64,1.82,0
2025-07-18T21:45:00+05:30,Upload_Mmap,Video_0.9.mp4,863.36,FALSE,50,1,208.78,4.14,0
2025-07-18T21:56:09+05:30,Download_Mmap,Video_0.9.mp4,863.36,FALSE,50,8,525.47,1.64,0
2025-07-18T22:10:30+05:30,Upload_Mmap,Video_0.9.mp4,863.36,FALSE,50,1,181.33,4.76,0
2025-07-18T22:11:16+05:30,Upload_Mmap,Video_0.9.mp4,863.36,FALSE,50,1,197.5,4.37,0
2025-07-19T14:48:01+05:30,Download_Mmap,Video_0.9.mp4,863.36,FALSE,50,8,456.13,1.89,0
2025-07-19T14:48:39+05:30,Upload_Mmap,Video_0.9.mp4,863.36,FALSE,50,1,34.13,25.3,0
2025-07-19T14:57:57+05:30,Download_Mmap,Video_0.9.mp4,863.36,FALSE,50,8,532.79,1.62,0
2025-07-19T14:58:04+05:30,Upload_Mmap,Video_0.9.mp4,863.36,FALSE,50,1,320.92,2.69,0
2025-07-19T14:58:27+05:30,Download_Mmap,Video_1.9.mp4,1887.58,FALSE,50,8,445.75,4.23,0
2025-07-19T15:07:06+05:30,Download_Mmap,Video_0.9.mp4,863.36,FALSE,50,8,565.67,1.53,0
2025-07-19T15:07:18+05:30,Upload_Mmap,Video_0.9.mp4,863.36,FALSE,50,1,288.83,2.99,0
2025-07-19T15:07:38+05:30,Download_Mmap,Video_1.9.mp4,1887.58,FALSE,50,8,454.36,4.15,0
2025-07-19T15:08:18+05:30,Upload_Mmap,Video_1.9.mp4,1887.58,FALSE,50,1,68.03,27.75,0
2025-07-19T15:16:21+05:30,Upload_Mmap,Video_1.9.mp4,1887.58,FALSE,50,1,254.33,7.42,0
2025-07-19T15:33:59+05:30,Download_Mmap,Video_1.9.mp4,1887.58,FALSE,50,8,450.48,4.19,0
2025-07-19T15:34:11+05:30,Upload_Mmap,Video_1.9.mp4,1887.58,FALSE,50,1,341.24,5.53,0
2025-07-19T15:34:46+05:30,Download_Mmap,Video_2.8.mkv,2802.85,FALSE,50,8,458.43,6.11,0
2025-07-19T15:35:41+05:30,Upload_Mmap,Video_2.8.mkv,2802.85,FALSE,50,1,344.52,8.14,0
2025-07-19T19:58:02+05:30,Download_Mmap,Video_0.9.mp4,863.36,FALSE,50,8,398.08,2.17,0
2025-07-19T19:58:31+05:30,Upload_Mmap,Video_0.9.mp4,863.36,FALSE,50,1,346.51,2.49,0
2025-07-19T19:58:55+05:30,Download_Mmap,Video_1.9.mp4,1887.58,FALSE,50,8,423.14,4.46,0
2025-07-19T19:59:45+05:30,Upload_Mmap,Video_1.9.mp4,1887.58,FALSE,50,1,352.84,5.35,0
2025-07-19T20:00:19+05:30,Download_Mmap,Video_2.8.mkv,2802.85,FALSE,50,8,441.2,6.35,0
2025-07-19T20:01:01+05:30,Upload_Mmap,Video_2.8.mkv,2802.85,FALSE,50,1,345.34,8.12,0
2025-07-19T22:13:34+05:30,Download_Chunked,Video_0.9.mp4,863.36,FALSE,0,8,116.43,7.42,0
2025-07-19T22:14:17+05:30,Download_Mmap,Video_0.9.mp4,863.36,FALSE,50,8,456.89,1.89,0
2025-07-19T22:15:06+05:30,Upload_Mmap,Video_0.9.mp4,863.36,FALSE,50,1,430.04,2.01,0
2025-07-19T22:15:25+05:30,Download_Mmap,Video_1.9.mp4,1887.58,FALSE,50,8,459.96,4.1,0
2025-07-19T22:15:44+05:30,Upload_Mmap,Video_1.9.mp4,1887.58,FALSE,50,1,361.89,5.22,0
2025-07-19T22:16:52+05:30,Upload_Mmap,Video_1.9.mp4,1887.58,FALSE,50,1,360.18,5.24,0
2025-07-19T22:19:27+05:30,Upload_Mmap,Video_1.9.mp4,1887.58,FALSE,50,1,380.26,4.96,0
2025-07-19T23:58:56+05:30,Download_Mmap,Video_0.9.mp4,863.36,FALSE,50,8,432.33,2,0
2025-07-19T23:59:05+05:30,Upload_FastMmap,Video_0.9.mp4,863.36,FALSE,50,1,376.04,2.3,0
2025-07-19T23:59:24+05:30,Download_Mmap,Video_1.9.mp4,1887.58,FALSE,50,8,458.38,4.12,0
2025-07-20T00:07:57+05:30,Download_Mmap,Video_0.9.mp4,863.36,FALSE,50,8,383,2.25,0
2025-07-20T00:08:19+05:30,Upload_FastMmap,Video_0.9.mp4,863.36,FALSE,50,1,331.82,2.6,0
2025-07-20T00:09:05+05:30,Download_Mmap,Video_1.9.mp4,1887.58,FALSE,50,8,420.97,4.48,0
2025-07-20T00:09:27+05:30,Upload_FastMmap,Video_1.9.mp4,1887.58,FALSE,50,1,377.01,5.01,0
2025-07-20T00:09:50+05:30,Download_Mmap,Video_2.8.mkv,2802.85,FALSE,50,8,398.71,7.03,0
2025-07-20T00:11:06+05:30,Upload_FastMmap,Video_2.8.mkv,2802.85,FALSE,50,1,337.7,8.3,0
2025-07-20T19:05:26+05:30,Download_Mmap,Video_0.9.mp4,863.36,FALSE,50,8,420.07,2.06,0
2025-07-20T19:05:38+05:30,Upload_FastMmap,Video_0.9.mp4,863.36,FALSE,50,1,352.64,2.45,0
2025-07-20T19:07:25+05:30,Download_Mmap,Video_1.9.mp4,1887.58,FALSE,50,8,406.81,4.64,0
2025-07-20T19:07:45+05:30,Upload_FastMmap,Video_1.9.mp4,1887.58,FALSE,50,1,327.22,5.77,0
2025-07-20T19:11:49+05:30,Download_Mmap,Video_2.8.mkv,1887.58,FALSE,50,8,454.68,4.15,0
2025-07-20T19:12:09+05:30,Upload_FastMmap,Video_2.8.mkv,1887.58,FALSE,50,1,279.76,6.75,0
2025-07-20T19:47:00+05:30,Upload_FastMmap,Video_2.8.mkv,2802.85,FALSE,50,1,102.96,27.22,0
2025-07-20T19:47:28+05:30,Download_Mmap,Video_2.8.mkv,2802.85,FALSE,50,8,582.8,4.81,0
2025-07-20T19:48:13+05:30,Upload_FastMmap,Video_2.8.mkv,2802.85,FALSE,50,1,446.19,6.28,0
2025-07-20T20:03:10+05:30,Upload_FastMmap,Video_1.9.mp4,1887.58,FALSE,50,1,102.09,18.49,0
2025-07-20T20:22:07+05:30,Upload_FastMmap,Video_1.9.mp4,1887.58,FALSE,50,1,95.78,19.71,0
2025-07-20T22:17:51+05:30,Upload_FastMmap,Video_1.9.mp4,1887.58,FALSE,50,1,92.91,20.32,0
2025-07-20T22:23:18+05:30,Upload_FastMmap,Video_1.9.mp4,1887.58,FALSE,50,1,96.72,19.52,0
2025-07-20T22:23:38+05:30,Download_Mmap,Video_1.9.mp4,1887.58,FALSE,50,8,462.63,4.08,0
2025-07-20T22:23:56+05:30,Upload_FastMmap,Video_1.9.mp4,1887.58,FALSE,50,1,378.6,4.99,0
2025-07-20T22:27:05+05:30,Upload_FastMmap,Video_1.9.mp4,1887.58,FALSE,50,1,412.49,4.58,0
2025-07-20T23:06:50+05:30,Download_Chunked,Video_0.9.mp4,863.36,FALSE,0,8,112.77,7.66,0
2025-07-20T23:48:07+05:30,Download_Chunked,Video_1.9.mp4,1887.58,FALSE,0,8,187.73,10.05,0
2025-07-21T00:32:55+05:30,Download_Chunked,Video_0.9.mp4,863.36,FALSE,0,8,121.03,7.13,0
2025-07-21T00:59:34+05:30,Download_Chunked,Video_0.9.mp4,8,FALSE,0,8,63.57,0.13,0
2025-07-21T01:15:36+05:30,Upload_Chunked,Video_0.9.mp4,863.36,FALSE,50,1,152,5.68,0
2025-07-21T18:47:09+05:30,Download_Chunked,Video_0.9.mp4,863.36,FALSE,0,8,157.5,5.48,0
2025-07-21T18:48:02+05:30,Upload_Chunked,Video_0.9.mp4,863.36,FALSE,50,1,268.16,3.22,0
2025-07-21T21:21:10+05:30,Download_Chunked,Video_0.9.mp4,863.36,FALSE,0,8,112.93,7.65,0
2025-07-21T22:04:39+05:30,Download_Chunked,Video_0.9.mp4,863.36,FALSE,0,8,183.91,4.69,0
2025-07-21T22:06:10+05:30,Download_Chunked,Video_0.9.mp4,863.36,FALSE,0,8,180.77,4.78,0
2025-07-21T22:06:48+05:30,Upload_Chunked,Video_1.9.mp4,1887.58,FALSE,50,1,154.31,12.23,0
2025-07-21T22:07:21+05:30,Download_Chunked,Video_1.9.mp4,1887.58,FALSE,0,8,223.39,8.45,0
2025-07-21T22:53:39+05:30,Download_Parallel,Video_0.9.mp4,863.36,FALSE,0,8,52.73,16.37,0
2025-07-22T14:10:01+05:30,Download_Chunked,Video_0.9.mp4,863.36,FALSE,0,8,348.58,4.4,0
2025-07-22T14:10:40+05:30,Download_Chunked,Video_0.9.mp4,863.36,FALSE,0,8,232.76,3.71,0
2025-07-22T14:11:05+05:30,Download_Chunked,Video_1.9.mp4,1887.58,FALSE,0,8,161.54,11.68,0
2025-07-22T14:11:29+05:30,Upload_Chunked,Video_0.9.mp4,863.36,FALSE,50,1,209.74,4.12,0
2025-07-22T14:12:50+05:30,Download_Mmap,Video_0.9.mp4,863.36,FALSE,50,8,393.46,2.19,0
2025-07-22T14:13:02+05:30,Upload_FastMmap,Video_0.9.mp4,863.36,FALSE,50,1,330.28,2.61,0
2025-07-23T09:10:26+05:30,Download_Chunked,Solo.Leveling.mkv,119.51,FALSE,0,8,160.27,0.75,0
2025-07-23T19:30:35+05:30,Download_Chunked,Solo.Leveling.mkv,119.51,FALSE,0,8,171.68,0.7,0
2025-07-23T19:31:47+05:30,Upload_Chunked,Solo.Leveling.mkv,119.51,FALSE,50,1,164.65,0.73,0
2025-07-23T21:43:11+05:30,Download_Mmap,Video_0.9.mp4,863.36,FALSE,50,8,407.59,2.12,0
2025-07-23T21:43:23+05:30,Upload_FastMmap,Video_0.9.mp4,863.36,FALSE,50,1,326.93,2.64,0
2025-07-31T19:24:08+05:30,Download_Mmap,Video_0.9.mp4,863.36,FALSE,50,8,299.36,2.88,0
2025-07-31T19:24:21+05:30,Download_Mmap,Video_0.9.mp4,863.36,FALSE,50,8,316.41,2.73,0
2025-07-31T19:24:37+05:30,Download_Mmap,Video_2.8.mkv,2802.85,FALSE,50,8,312.24,8.98,0
2025-07-31T19:28:16+05:30,Download_Chunked,Video_0.9.mp4,863.36,FALSE,0,8,67.07,12.87,0
2025-07-31T19:28:36+05:30,Upload_Chunked,Video_0.9.mp4,863.36,FALSE,50,1,73.8,11.7,0
2025-07-31T19:28:54+05:30,Upload_FastMmap,Video_0.9.mp4,863.36,FALSE,50,1,240.74,3.59,0
2025-08-03T21:48:23+05:30,Download_Chunked,Video_1.9.mp4,1887.58,FALSE,0,8,122.13,15.46,0
2025-08-03T21:49:41+05:30,Upload_Chunked,Video_1.9.mp4,1887.58,FALSE,50,1,35.52,53.13,0
2025-08-03T21:50:34+05:30,Upload_Chunked,Video_1.9.mp4,1887.58,FALSE,50,1,110.02,17.16,0
2025-08-03T21:50:54+05:30,Upload_Chunked,Video_1.9.mp4,1887.58,FALSE,50,1,103.36,18.26,0
2025-08-03T21:53:59+05:30,Upload_Chunked,Video_1.9.mp4,1887.58,FALSE,50,1,119.56,15.79,0
2025-08-03T21:53:59+05:30,Upload_Chunked,Video_1.9.mp4,1887.58,FALSE,50,1,123.16,1.82,0
2025-08-03T21:55:58+05:30,Upload_Chunked,Video_1.9.mp4,1887.58,FALSE,50,1,118.76,15.89,0
2025-08-03T22:04:43+05:30,Upload_Chunked,Video_1.9.mp4,1887.58,FALSE,50,1,78.7,23.98,0
2025-08-03T22:04:43+05:30,Upload_Chunked,Video_1.9.mp4,1887.58,FALSE,50,1,83.55,5.74,0
2025-08-03T22:05:33+05:30,Upload_FastMmap,Video_1.9.mp4,1887.58,FALSE,50,1,313.75,6.02,0
2025-08-03T22:05:55+05:30,Upload_FastMmap,Video_1.9.mp4,1887.58,FALSE,50,1,328.01,5.75,0
2025-08-03T22:06:02+05:30,Upload_FastMmap,Video_1.9.mp4,1887.58,FALSE,50,1,310.16,6.09,0
2025-08-03T22:15:39+05:30,Upload_FastMmap,Video_1.9.mp4,1887.58,FALSE,50,1,271.83,6.94,0
2025-08-03T22:15:47+05:30,Upload_FastMmap,Video_1.9.mp4,1887.58,FALSE,50,1,260.46,7.25,0
2025-08-03T22:16:33+05:30,Upload_FastMmap,Video_1.9.mp4,1887.58,FALSE,50,1,263.24,7.17,0
2025-08-03T22:16:41+05:30,Upload_FastMmap,Video_1.9.mp4,1887.58,FALSE,50,1,257.37,7.33,0
2025-08-03T23:30:02+05:30,Upload_FastMmap,Video_1.9.mp4,1887.58,FALSE,50,1,149.4,12.63,0
2025-08-03T23:30:06+05:30,Upload_FastMmap,Video_1.9.mp4,1887.58,FALSE,50,1,524.98,3.6,0
2025-08-26T16:15:49+05:30,Download_Mmap,Video_1.9.mp4,1887.58,FALSE,50,8,461.32,4.09,0
2025-08-26T16:17:01+05:30,Upload_FastMmap,Video_1.9.mp4,1887.58,FALSE,50,1,403.92,4.67,0
